<?xml version="1.0" encoding="utf-8" ?>
<dwsync>
<file name="shCore.css" server="ps555846.dreamhostps.com/specialreading.com/" local="131214484380000000" remote="131219869200000000" Dst="2" />
<file name="shCoreDefault.css" server="ps555846.dreamhostps.com/specialreading.com/" local="131214484380000000" remote="131219869200000000" Dst="2" />
<file name="shCoreDjango.css" server="ps555846.dreamhostps.com/specialreading.com/" local="131214484380000000" remote="131219869200000000" Dst="2" />
<file name="shCoreEclipse.css" server="ps555846.dreamhostps.com/specialreading.com/" local="131214484380000000" remote="131219869200000000" Dst="2" />
<file name="shCoreEmacs.css" server="ps555846.dreamhostps.com/specialreading.com/" local="131214484380000000" remote="131219869200000000" Dst="2" />
<file name="shCoreFadeToGrey.css" server="ps555846.dreamhostps.com/specialreading.com/" local="131214484380000000" remote="131219869200000000" Dst="2" />
<file name="shCoreMDUltra.css" server="ps555846.dreamhostps.com/specialreading.com/" local="131214484380000000" remote="131219869200000000" Dst="2" />
<file name="shCoreMidnight.css" server="ps555846.dreamhostps.com/specialreading.com/" local="131214484380000000" remote="131219869200000000" Dst="2" />
<file name="shCoreRDark.css" server="ps555846.dreamhostps.com/specialreading.com/" local="131214484380000000" remote="131219869200000000" Dst="2" />
<file name="shThemeAppleScript.css" server="ps555846.dreamhostps.com/specialreading.com/" local="131214484380000000" remote="131219869200000000" Dst="2" />
<file name="shThemeDefault.css" server="ps555846.dreamhostps.com/specialreading.com/" local="131214484380000000" remote="131219869200000000" Dst="2" />
<file name="shThemeDjango.css" server="ps555846.dreamhostps.com/specialreading.com/" local="131214484380000000" remote="131219869200000000" Dst="2" />
<file name="shThemeEclipse.css" server="ps555846.dreamhostps.com/specialreading.com/" local="131214484380000000" remote="131219869200000000" Dst="2" />
<file name="shThemeEmacs.css" server="ps555846.dreamhostps.com/specialreading.com/" local="131214484380000000" remote="131219869200000000" Dst="2" />
<file name="shThemeFadeToGrey.css" server="ps555846.dreamhostps.com/specialreading.com/" local="131214484380000000" remote="131219869200000000" Dst="2" />
<file name="shThemeMDUltra.css" server="ps555846.dreamhostps.com/specialreading.com/" local="131214484380000000" remote="131219869200000000" Dst="2" />
<file name="shThemeMidnight.css" server="ps555846.dreamhostps.com/specialreading.com/" local="131214484380000000" remote="131219869200000000" Dst="2" />
<file name="shThemeRDark.css" server="ps555846.dreamhostps.com/specialreading.com/" local="131214484380000000" remote="131219869200000000" Dst="2" />
<file name="shThemeVisualStudio.css" server="ps555846.dreamhostps.com/specialreading.com/" local="131214484380000000" remote="131219869200000000" Dst="2" />
<file name="wrapping.png" server="ps555846.dreamhostps.com/specialreading.com/" local="131214484380000000" remote="131219869200000000" Dst="2" />
</dwsync>