<?xml version="1.0" encoding="utf-8" ?>
<dwsync>
<file name="code_generator.phps" server="ps555846.dreamhostps.com/specialreading.com/" local="131214484380000000" remote="131219869200000000" Dst="2" />
<file name="contents.html" server="ps555846.dreamhostps.com/specialreading.com/" local="131214484380000000" remote="131219869200000000" Dst="2" />
<file name="contentsutf8.html" server="ps555846.dreamhostps.com/specialreading.com/" local="131214484380000000" remote="131219869200000000" Dst="2" />
<file name="exceptions.phps" server="ps555846.dreamhostps.com/specialreading.com/" local="131214484380000000" remote="131219869200000000" Dst="2" />
<file name="DKIM.phps" server="ps555846.dreamhostps.com/specialreading.com/" local="131214484380000000" remote="131219869200000000" Dst="2" />
<file name="gmail.phps" server="ps555846.dreamhostps.com/specialreading.com/" local="131214484380000000" remote="131219869200000000" Dst="2" />
<file name="gmail_xoauth.phps" server="ps555846.dreamhostps.com/specialreading.com/" local="131214484380000000" remote="131219869200000000" Dst="2" />
<file name="mail.phps" server="ps555846.dreamhostps.com/specialreading.com/" local="131214484380000000" remote="131219869200000000" Dst="2" />
<file name="index.html" server="ps555846.dreamhostps.com/specialreading.com/" local="131214484380000000" remote="131219869200000000" Dst="2" />
<file name="mailing_list.phps" server="ps555846.dreamhostps.com/specialreading.com/" local="131214484380000000" remote="131219869200000000" Dst="2" />
<file name="pop_before_smtp.phps" server="ps555846.dreamhostps.com/specialreading.com/" local="131214484380000000" remote="131219869200000000" Dst="2" />
<file name="sendmail.phps" server="ps555846.dreamhostps.com/specialreading.com/" local="131214484380000000" remote="131219869200000000" Dst="2" />
<file name="send_file_upload.phps" server="ps555846.dreamhostps.com/specialreading.com/" local="131214484380000000" remote="131219869200000000" Dst="2" />
<file name="send_multiple_file_upload.phps" server="ps555846.dreamhostps.com/specialreading.com/" local="131214484380000000" remote="131219869200000000" Dst="2" />
<file name="signed-mail.phps" server="ps555846.dreamhostps.com/specialreading.com/" local="131214484380000000" remote="131219869200000000" Dst="2" />
<file name="smtp.phps" server="ps555846.dreamhostps.com/specialreading.com/" local="131214484380000000" remote="131219869200000000" Dst="2" />
<file name="smtp_check.phps" server="ps555846.dreamhostps.com/specialreading.com/" local="131214484380000000" remote="131219869200000000" Dst="2" />
<file name="smtp_no_auth.phps" server="ps555846.dreamhostps.com/specialreading.com/" local="131214484380000000" remote="131219869200000000" Dst="2" />
<file name="ssl_options.phps" server="ps555846.dreamhostps.com/specialreading.com/" local="131214484380000000" remote="131219869200000000" Dst="2" />
</dwsync>